time,temperature_2m_mean,temperature_2m_max,temperature_2m_min,precipitation_sum,sunshine_duration
2024-01-01,11.3,14.8,8.8,0.0,34956.35
2024-01-02,11.6,18.4,4.8,0.9,34982.11
2024-01-03,13.0,18.8,9.4,0.0,34464.38
2024-01-04,10.2,14.7,3.8,0.0,35040.16
2024-01-05,12.3,20.1,4.7,0.0,35050.47
2024-01-06,14.0,21.0,8.4,0.0,35039.76
2024-01-07,11.9,16.4,8.9,0.0,32426.91
2024-01-08,11.6,15.8,8.1,5.8,16752.85
2024-01-09,13.1,16.5,10.4,2.1,2056.92
2024-01-10,13.1,20.5,9.1,0.0,33021.32
2024-01-11,10.4,15.2,7.6,0.0,28176.11
2024-01-12,11.0,18.8,4.8,0.0,35010.46
2024-01-13,12.6,20.8,7.6,0.0,35011.95
2024-01-14,13.9,22.0,6.5,0.0,35015.21
2024-01-15,12.3,17.7,7.8,0.0,32003.89
2024-01-16,11.6,16.6,7.9,0.0,32417.76
2024-01-17,13.7,21.6,6.1,0.0,35034.52
2024-01-18,16.7,24.2,11.4,0.0,35044.05
2024-01-19,16.0,20.1,14.3,0.0,19598.2
2024-01-20,16.1,20.5,13.6,0.5,19305.71
2024-01-21,12.5,13.9,11.2,0.6,0.0
2024-01-22,8.0,10.7,3.8,5.6,0.0
2024-01-23,4.7,9.9,2.7,5.1,11183.85
2024-01-24,4.6,10.4,-1.0,0.0,31532.05
2024-01-25,7.4,12.1,2.6,0.0,28952.33
2024-01-26,7.8,13.2,2.2,0.0,35239.9
2024-01-27,8.8,11.9,6.8,0.0,12169.46
2024-01-28,9.5,14.1,6.9,0.0,18510.35
2024-01-29,10.7,16.5,4.9,0.2,23169.26
2024-01-30,14.0,19.6,10.5,0.2,30234.22
2024-01-31,15.6,23.5,10.9,0.0,25199.6
2024-02-01,19.0,25.0,14.5,0.5,25726.25
2024-02-02,13.0,15.5,11.3,1.9,0.0
2024-02-03,14.0,19.9,11.1,0.0,22865.91
2024-02-04,13.4,15.6,11.6,4.7,0.0
2024-02-05,12.1,16.6,8.4,0.0,26496.59
2024-02-06,10.1,12.6,8.8,0.0,2646.64
2024-02-07,8.4,9.9,7.6,25.7,0.0
2024-02-08,7.5,8.6,5.9,3.2,0.0
2024-02-09,8.8,12.6,6.5,0.5,976.9
2024-02-10,9.2,15.6,3.8,0.0,36755.67
2024-02-11,10.7,18.5,4.1,0.0,37464.75
2024-02-12,11.2,17.9,5.6,0.0,37538.46
2024-02-13,13.6,20.7,6.7,0.0,37476.4
2024-02-14,15.8,23.9,8.4,0.0,37532.12
2024-02-15,17.4,25.1,12.6,3.0,36367.49
2024-02-16,10.7,13.9,8.1,0.7,14578.12
2024-02-17,12.5,20.6,7.2,0.0,37948.46
2024-02-18,16.8,27.0,10.7,0.0,34008.88
2024-02-19,20.6,27.8,15.4,0.0,26449.14
2024-02-20,20.4,29.0,15.2,0.0,33173.71
2024-02-21,21.9,30.6,16.5,0.0,34461.73
2024-02-22,14.0,19.2,10.5,2.0,73.73
2024-02-23,10.8,12.9,9.6,1.2,0.0
2024-02-24,11.0,14.1,9.3,3.4,576.55
2024-02-25,10.7,12.2,8.8,3.0,649.89
2024-02-26,8.5,9.9,7.5,5.4,0.0
2024-02-27,9.6,13.2,7.8,0.8,3567.21
2024-02-28,11.3,15.8,8.9,0.3,19170.28
2024-02-29,12.4,16.7,9.9,19.2,5834.42
2024-03-01,9.6,12.6,7.3,1.8,694.16
2024-03-02,8.1,11.9,4.7,0.0,29565.57
2024-03-03,9.2,14.4,3.7,0.0,38590.67
2024-03-04,14.7,22.6,8.6,0.4,35995.02
2024-03-05,20.4,28.4,14.9,0.8,30759.04
2024-03-06,15.3,18.5,11.9,8.7,5424.86
2024-03-07,12.2,17.0,9.2,2.2,27282.62
2024-03-08,11.5,17.0,7.6,0.0,38756.23
2024-03-09,9.1,10.9,6.2,2.8,6369.22
2024-03-10,11.7,16.4,7.2,1.4,36464.77
2024-03-11,12.4,14.9,9.9,14.7,0.0
2024-03-12,14.1,21.0,7.7,0.0,38983.69
2024-03-13,12.6,16.4,9.7,0.0,13905.7
2024-03-14,13.7,17.6,10.8,3.9,3852.28
2024-03-15,15.3,18.9,12.5,11.1,2293.17
2024-03-16,16.6,20.9,13.6,4.8,15812.56
2024-03-17,18.7,25.8,14.2,1.8,32554.49
2024-03-18,13.7,16.7,11.3,0.0,27112.96
2024-03-19,13.6,19.2,10.6,0.2,29498.5
2024-03-20,12.8,17.5,8.5,0.0,39121.34
2024-03-21,13.7,18.8,8.6,0.0,33117.43
2024-03-22,18.0,25.7,11.0,0.0,25886.85
2024-03-23,19.5,27.2,13.9,0.5,19986.4
2024-03-24,23.3,31.6,16.1,0.0,38714.03
2024-03-25,24.6,33.0,17.5,0.0,40579.38
2024-03-26,19.1,23.4,14.4,0.0,38387.18
2024-03-27,15.9,19.7,13.5,0.0,39728.47
2024-03-28,20.0,28.2,13.1,9.4,33946.2
2024-03-29,20.1,27.2,15.5,0.0,39780.22
2024-03-30,21.1,26.6,16.9,5.3,28229.29
2024-03-31,22.4,26.5,18.3,14.3,16039.05
2024-04-01,20.8,24.0,17.8,0.2,30746.7
2024-04-02,24.0,31.0,17.8,0.0,38652.8
2024-04-03,26.2,34.0,21.0,0.0,34415.63
2024-04-04,18.9,22.1,15.3,26.2,0.0
2024-04-05,15.2,16.9,14.2,9.0,0.0
2024-04-06,16.5,20.8,13.4,10.6,12751.84
2024-04-07,16.9,20.1,15.2,15.5,1902.35
2024-04-08,19.1,24.0,15.7,1.8,19906.38
2024-04-09,17.5,19.5,15.6,2.5,7885.6
2024-04-10,17.3,21.5,12.0,0.0,35429.83
2024-04-11,20.3,26.6,16.9,0.0,35798.27
2024-04-12,21.6,27.0,16.6,1.2,27245.31
2024-04-13,21.4,24.5,19.2,0.2,4882.96
2024-04-14,23.5,30.7,18.9,0.1,24521.71
2024-04-15,25.1,31.9,19.4,0.0,39287.43
2024-04-16,24.1,28.5,21.0,2.7,36151.32
2024-04-17,24.0,28.1,21.6,12.5,19435.96
2024-04-18,20.9,23.5,17.9,0.8,23644.1
2024-04-19,19.3,23.5,15.9,3.0,29671.07
2024-04-20,23.1,30.4,17.3,4.4,31790.71
2024-04-21,24.1,28.9,21.0,3.2,29000.38
2024-04-22,22.3,26.4,19.6,33.2,11798.82
2024-04-23,22.4,25.5,20.4,6.7,15469.82
2024-04-24,20.5,22.5,18.0,5.7,17147.47
2024-04-25,19.2,21.5,17.5,9.3,10458.42
2024-04-26,21.7,26.4,18.0,2.2,16288.39
2024-04-27,22.7,26.8,20.8,0.5,10941.76
2024-04-28,23.5,28.1,20.5,1.9,23001.83
2024-04-29,25.2,32.0,18.9,2.3,40271.1
2024-04-30,23.6,26.3,21.8,25.6,851.72
2024-05-01,19.6,22.0,17.1,4.7,465.67
2024-05-02,18.4,22.9,16.8,1.8,22085.81
2024-05-03,19.2,23.6,15.1,0.0,40774.96
2024-05-04,20.5,22.8,18.1,2.4,7769.91
2024-05-05,23.7,29.8,19.2,12.1,32053.91
2024-05-06,23.8,29.9,19.1,0.0,43200.0
2024-05-07,22.4,25.5,19.3,0.0,11693.91
2024-05-08,22.9,27.4,20.0,0.6,42120.11
2024-05-09,19.9,23.8,17.1,0.0,32926.16
2024-05-10,20.6,25.5,14.8,0.0,43200.0
2024-05-11,24.2,31.0,19.6,0.2,26452.28
2024-05-12,23.6,28.3,19.7,32.3,8926.93
2024-05-13,18.7,22.5,15.2,1.8,29909.13
2024-05-14,18.4,24.5,12.0,0.0,43301.73
2024-05-15,20.7,27.0,13.7,0.0,43332.66
2024-05-16,19.8,23.9,15.9,0.0,43247.67
2024-05-17,20.3,27.6,12.4,0.0,43372.09
2024-05-18,22.8,28.5,16.2,0.0,43200.0
2024-05-19,23.0,29.0,17.1,0.0,28551.33
2024-05-20,22.1,24.1,20.3,16.4,1498.18
2024-05-21,21.8,23.0,20.6,51.9,0.0
2024-05-22,21.5,24.0,20.2,34.9,0.0
2024-05-23,21.5,23.0,20.0,24.0,0.0
2024-05-24,24.0,28.8,20.7,1.2,16320.16
2024-05-25,24.3,27.9,22.1,9.8,16938.75
2024-05-26,25.7,31.0,22.1,2.5,36718.73
2024-05-27,25.7,30.1,22.9,5.3,22357.77
2024-05-28,23.1,25.0,19.7,2.9,35895.6
2024-05-29,20.8,25.0,16.4,0.0,43923.2
2024-05-30,22.5,27.0,17.7,2.4,25102.22
2024-05-31,26.5,32.3,22.1,7.9,35999.92
2024-06-01,22.3,24.8,20.5,29.0,0.0
2024-06-02,20.0,21.0,18.0,39.2,0.0
2024-06-03,20.2,22.8,16.5,0.0,9105.68
2024-06-04,20.2,25.9,14.9,1.2,19883.93
2024-06-05,20.7,22.4,19.0,9.5,0.0
2024-06-06,21.7,23.9,19.6,0.7,1513.91
2024-06-07,23.1,26.9,20.4,0.1,26677.3
2024-06-08,24.7,29.8,20.6,16.0,36000.0
2024-06-09,24.6,29.0,22.4,23.5,14263.86
2024-06-10,26.1,30.1,23.4,10.8,7200.0
2024-06-11,27.1,31.4,24.1,7.7,23986.5
2024-06-12,27.1,32.0,24.0,20.1,23797.7
2024-06-13,26.5,29.0,24.0,11.1,10097.45
2024-06-14,26.9,30.8,24.6,21.3,18294.21
2024-06-15,26.4,28.4,24.4,23.5,0.0
2024-06-16,26.1,29.8,24.5,24.0,10800.0
2024-06-17,26.8,31.4,24.4,23.8,11723.93
2024-06-18,24.5,25.9,23.6,11.8,0.0
2024-06-19,26.7,30.6,23.4,3.2,20341.03
2024-06-20,28.9,35.0,24.4,0.5,40938.11
2024-06-21,29.5,35.4,25.0,0.0,43595.23
2024-06-22,29.8,35.5,25.3,0.0,41914.61
2024-06-23,29.9,35.4,25.6,0.4,43003.83
2024-06-24,29.6,34.7,25.6,3.1,37006.02
2024-06-25,28.4,34.2,24.9,7.0,37431.34
2024-06-26,27.9,32.1,25.2,1.2,26552.95
2024-06-27,28.9,34.2,25.5,2.5,36280.37
2024-06-28,28.7,32.2,25.1,0.7,38977.07
2024-06-29,28.5,32.3,25.7,1.9,36031.88
2024-06-30,29.3,33.8,25.3,1.1,42654.24
2024-07-01,29.5,34.2,25.5,0.7,43200.0
2024-07-02,30.1,34.7,25.6,0.0,44726.54
2024-07-03,30.5,36.2,26.2,0.0,45026.39
2024-07-04,31.0,37.7,25.0,0.0,45156.52
2024-07-05,31.5,37.0,27.0,0.0,45465.74
2024-07-06,31.1,36.8,26.1,0.0,45119.74
2024-07-07,30.4,36.1,25.0,0.4,44736.03
2024-07-08,30.5,36.0,25.7,0.0,44522.25
2024-07-09,30.4,36.5,25.0,0.0,44462.14
2024-07-10,30.8,37.1,25.1,0.0,44460.27
2024-07-11,31.1,38.2,25.1,0.4,44584.67
2024-07-12,31.6,38.3,26.5,0.1,38957.77
2024-07-13,31.6,38.5,26.0,0.7,42752.78
2024-07-14,31.0,37.9,26.0,0.2,44075.7
2024-07-15,30.4,36.2,25.8,0.0,43576.73
2024-07-16,29.9,36.2,25.7,1.3,44568.55
2024-07-17,31.1,37.8,25.8,0.3,44569.57
2024-07-18,32.2,39.7,25.5,0.0,44805.12
2024-07-19,32.5,39.2,26.4,0.0,44810.34
2024-07-20,32.6,39.0,26.5,0.0,44308.85
2024-07-21,31.4,36.5,27.2,0.0,44785.42
2024-07-22,30.9,36.0,26.0,0.4,44658.83
2024-07-23,30.4,36.0,25.9,1.1,43942.79
2024-07-24,29.1,34.7,26.5,10.8,26020.79
2024-07-25,26.3,27.0,25.8,114.7,0.0
2024-07-26,26.6,28.4,25.6,57.1,0.0
2024-07-27,26.7,28.7,25.5,32.2,4005.53
2024-07-28,27.2,30.4,24.9,10.7,36270.41
2024-07-29,27.6,31.1,25.0,4.2,34945.54
2024-07-30,27.9,31.5,26.0,7.3,34902.18
2024-07-31,28.6,32.5,25.2,1.3,43925.59
2024-08-01,29.9,35.2,26.0,0.4,43815.03
2024-08-02,30.8,35.0,26.9,0.0,43918.21
2024-08-03,31.1,37.2,27.5,5.4,43200.0
2024-08-04,30.1,35.0,26.2,0.3,43806.71
2024-08-05,28.9,34.0,24.9,0.0,43702.68
2024-08-06,28.9,33.3,26.0,0.5,40598.15
2024-08-07,29.4,34.8,24.9,0.0,43408.14
2024-08-08,29.8,35.3,25.7,1.6,43200.0
2024-08-09,29.8,35.3,25.5,0.0,43200.0
2024-08-10,29.8,34.0,26.7,2.8,37873.73
2024-08-11,30.2,34.7,26.5,0.9,43329.65
2024-08-12,30.1,35.4,25.7,0.7,39600.0
2024-08-13,29.5,34.8,26.6,5.1,25448.76
2024-08-14,27.3,30.5,25.6,15.2,23011.96
2024-08-15,26.6,29.4,25.1,23.3,22659.92
2024-08-16,26.5,29.1,25.2,20.8,9875.96
2024-08-17,26.5,30.4,24.9,33.0,21712.04
2024-08-18,26.8,30.2,25.0,21.8,34048.79
2024-08-19,27.0,29.6,25.0,12.0,37412.88
2024-08-20,26.7,29.1,25.1,5.3,15032.34
2024-08-21,27.5,32.0,24.8,22.2,31516.54
2024-08-22,27.7,30.5,25.1,14.5,40225.46
2024-08-23,28.1,32.2,25.6,8.0,40166.72
2024-08-24,27.8,31.7,25.1,11.1,43051.47
2024-08-25,28.1,32.6,25.0,0.5,39600.0
2024-08-26,28.2,32.4,25.1,0.0,40710.37
2024-08-27,29.8,33.7,25.2,0.5,40188.66
2024-08-28,28.2,30.9,26.1,27.8,24956.32
2024-08-29,27.7,31.0,26.0,5.7,30022.85
2024-08-30,28.4,33.0,24.5,0.5,42909.43
2024-08-31,28.1,33.0,25.1,7.4,29596.54
2024-09-01,29.2,32.7,25.7,1.9,42857.13
2024-09-02,29.5,33.3,26.4,1.6,41422.15
2024-09-03,28.1,31.9,25.2,0.9,41815.55
2024-09-04,27.6,31.5,24.5,0.0,38669.23
2024-09-05,28.3,32.0,25.1,0.4,37831.29
2024-09-06,27.9,31.4,25.8,3.3,35679.45
2024-09-07,27.1,30.1,25.5,11.0,26345.72
2024-09-08,27.0,29.9,24.9,6.0,40440.23
2024-09-09,27.2,31.0,24.2,2.3,42165.79
2024-09-10,28.2,33.2,23.7,0.0,42078.4
2024-09-11,28.7,33.7,24.0,0.0,41990.33
2024-09-12,28.5,32.0,25.4,3.0,41901.62
2024-09-13,27.7,30.9,25.1,2.1,39103.61
2024-09-14,25.9,28.5,23.9,8.3,4353.28
2024-09-15,26.0,28.3,24.4,45.1,27681.36
2024-09-16,27.7,31.4,25.0,1.7,30534.1
2024-09-17,28.1,31.5,25.7,2.5,39727.7
2024-09-18,27.4,31.5,24.3,2.0,34706.72
2024-09-19,27.5,31.0,25.2,8.5,32780.17
2024-09-20,28.2,31.8,25.1,2.3,36607.65
2024-09-21,28.1,33.0,25.2,35.9,37175.98
2024-09-22,24.8,25.9,23.0,56.4,0.0
2024-09-23,22.4,23.1,22.0,61.1,0.0
2024-09-24,24.1,26.5,22.1,43.1,785.84
2024-09-25,25.5,28.5,23.5,29.3,16530.92
2024-09-26,25.4,28.2,23.6,7.8,18792.45
2024-09-27,25.5,28.8,24.0,10.9,29321.18
2024-09-28,25.4,29.0,22.9,1.0,33221.29
2024-09-29,25.3,28.6,22.0,0.6,29254.88
2024-09-30,26.5,30.0,24.5,3.8,34822.17
2024-10-01,25.8,28.9,23.8,10.2,24852.85
2024-10-02,21.7,23.4,19.8,5.4,315.2
2024-10-03,20.7,23.5,18.8,1.8,14400.0
2024-10-04,20.6,24.3,19.1,22.9,7833.01
2024-10-05,22.5,26.0,20.0,1.8,14400.0
2024-10-06,24.9,28.9,22.8,12.3,31367.97
2024-10-07,24.6,26.9,23.2,22.7,25478.57
2024-10-08,22.7,24.0,21.0,3.1,0.0
2024-10-09,22.0,24.7,20.0,1.7,24941.98
2024-10-10,21.1,24.2,17.2,0.0,27384.52
2024-10-11,19.9,24.6,16.0,0.0,37665.8
2024-10-12,21.4,25.4,17.0,0.2,26883.99
2024-10-13,23.8,27.2,21.0,1.8,36000.0
2024-10-14,24.3,28.7,21.0,0.7,36580.32
2024-10-15,24.3,28.2,21.1,2.1,33846.3
2024-10-16,24.4,28.1,21.5,0.3,36840.37
2024-10-17,24.1,28.6,19.9,0.4,30824.01
2024-10-18,25.3,30.0,21.6,0.0,32465.68
2024-10-19,25.3,30.8,22.6,0.3,33461.64
2024-10-20,22.7,26.5,20.1,0.0,32400.0
2024-10-21,23.1,29.1,18.4,0.0,36968.71
2024-10-22,23.9,27.8,20.0,0.2,36848.86
2024-10-23,21.7,26.0,17.9,0.8,36731.01
2024-10-24,20.1,23.2,16.5,0.0,36096.14
2024-10-25,22.5,25.0,19.9,0.0,0.0
2024-10-26,22.9,24.6,21.9,1.4,94.51
2024-10-27,24.5,28.3,22.2,5.9,31672.49
2024-10-28,22.1,24.4,20.6,0.3,18712.82
2024-10-29,20.6,24.9,17.5,0.0,36511.41
2024-10-30,21.3,25.2,17.1,0.0,33237.88
2024-10-31,22.8,25.5,21.4,15.5,1947.36
2024-11-01,21.2,22.8,19.5,30.1,0.0
2024-11-02,21.0,25.9,17.6,0.0,36235.56
2024-11-03,20.9,24.2,18.1,0.0,35878.71
2024-11-04,20.8,26.0,15.9,0.0,32413.82
2024-11-05,20.6,23.8,17.2,0.0,35919.14
2024-11-06,16.8,19.7,13.6,0.0,35980.59
2024-11-07,16.2,21.0,12.4,0.0,32978.73
2024-11-08,17.9,22.8,13.2,0.0,29798.16
2024-11-09,20.8,24.2,18.5,0.0,4513.47
2024-11-10,21.5,26.2,17.4,0.0,35527.81
2024-11-11,21.1,25.2,17.8,0.0,35496.93
2024-11-12,20.7,23.5,17.8,0.0,2968.98
2024-11-13,20.5,22.1,19.5,1.5,0.0
2024-11-14,23.1,26.1,20.2,4.4,962.36
2024-11-15,24.1,27.9,22.0,4.2,15439.49
2024-11-16,23.5,28.7,20.7,10.5,35104.0
2024-11-17,21.8,26.8,18.8,0.0,35338.38
2024-11-18,17.8,20.2,15.1,0.3,28400.49
2024-11-19,16.7,19.5,14.9,3.1,8372.99
2024-11-20,16.7,19.2,15.1,16.7,2152.73
2024-11-21,16.1,17.0,14.6,11.8,4317.33
2024-11-22,15.4,19.6,12.2,0.0,35244.23
2024-11-23,15.9,19.5,12.6,0.0,12128.43
2024-11-24,16.6,20.5,13.4,1.0,24781.9
2024-11-25,16.6,18.9,14.7,22.9,1625.21
2024-11-26,16.7,20.8,14.3,0.0,31596.47
2024-11-27,14.7,18.6,11.1,0.0,35188.63
2024-11-28,12.6,17.4,8.8,0.0,35182.5
2024-11-29,11.8,17.5,6.9,0.0,35178.26
2024-11-30,12.2,17.3,7.6,0.0,25997.75
2024-12-01,14.7,21.1,9.4,0.0,35175.37
2024-12-02,16.1,22.9,10.6,0.0,35176.62
2024-12-03,17.6,21.4,14.1,0.7,27065.78
2024-12-04,16.2,18.7,14.2,0.1,447.59
2024-12-05,16.0,21.0,12.2,0.0,29031.14
2024-12-06,16.3,19.2,13.9,0.2,21310.09
2024-12-07,15.1,17.9,12.8,0.3,0.0
2024-12-08,12.5,13.9,10.4,0.0,4374.59
2024-12-09,12.8,16.7,9.0,0.0,28581.3
2024-12-10,15.5,19.1,11.9,0.0,10117.66
2024-12-11,16.3,21.8,11.6,1.0,32388.96
2024-12-12,13.7,16.6,12.6,0.0,25624.92
2024-12-13,13.3,15.9,11.5,0.1,26854.27
2024-12-14,10.8,14.5,8.1,0.0,27757.11
2024-12-15,9.0,13.2,5.7,0.0,32217.41
2024-12-16,9.9,14.4,6.8,0.0,34863.04
2024-12-17,9.8,16.5,4.6,0.0,34851.53
2024-12-18,10.3,16.4,5.8,0.0,34842.72
2024-12-19,8.6,12.2,4.6,0.0,24611.18
2024-12-20,11.3,17.5,6.8,0.0,32117.95
2024-12-21,12.1,16.5,9.6,0.0,33423.87
2024-12-22,9.0,12.1,6.4,0.0,34833.79
2024-12-23,10.3,15.2,6.1,0.0,18861.97
2024-12-24,11.5,15.7,6.7,0.0,17157.12
2024-12-25,15.3,20.2,12.3,0.5,28412.31
2024-12-26,14.0,15.9,12.6,0.7,7082.82
2024-12-27,12.9,16.8,9.6,0.0,25383.01
2024-12-28,11.7,17.5,7.9,0.0,34892.08
2024-12-29,8.6,12.4,4.2,0.0,34909.84
2024-12-30,13.2,20.3,7.7,0.0,34929.83
2024-12-31,12.0,18.4,7.2,0.0,34952.01
